1251252,REACT VISION - Sneakersy niskie,509.0,407.2
1251252,REACT VISION - Sneakersy niskie,509.0,407.2
1251252,STRÓJ na barana ZAKONNICA zakonnicy UNIWERSALNY,209.9,NOT FOR SALE
1251252,STRÓJ na barana ZAKONNICA zakonnicy UNIWERSALNY,209.9,NOT FOR SALE
758269,STRÓJ na barana ZAKONNICA zakonnicy UNIWERSALNY,209.9,NOT FOR SALE
758269,STRÓJ na barana ZAKONNICA zakonnicy UNIWERSALNY,209.9,NOT FOR SALE
758269,STRÓJ na barana ZAKONNICA zakonnicy UNIWERSALNY,209.9,NOT FOR SALE
758269,STRÓJ na barana ZAKONNICA zakonnicy UNIWERSALNY,209.9,NOT FOR SALE
9318260,STRÓJ na barana ZAKONNICA zakonnicy UNIWERSALNY,209.9,NOT FOR SALE
9318260,STRÓJ na barana ZAKONNICA zakonnicy UNIWERSALNY,209.9,NOT FOR SALE
